model,aic,aicc,bic,holdout_rmse,akaike_weight,bootstrap_aicc_frequency,bootstrap_bic_frequency
x1+x3,184.9115384231371,185.25936451009363,196.06150539426528,1.944498332630986,0.4340200683338536,0.582,0.859
x1+x2+x3,185.82542266065403,186.3517384501277,199.76288137456424,1.9421716552097776,0.2748288814381975,0.261,0.11
x1+x3+x4,186.72393427687928,187.25025006635295,200.6613929907895,1.9556455071770842,0.17536909138927742,0.084,0.023
x1+x2+x3+x4,187.55430501100827,188.29766784286667,204.27925546770055,1.9565575043081036,0.11578181091125332,0.073,0.008
x2+x3,215.33188518554437,215.6797112725009,226.48185215667255,2.4018582693670085,1.0760078574809148e-07,0.0,0.0
x2+x3+x4,217.3002348803735,217.82655066984717,231.2376935942837,2.396372065021173,4.0215524504420344e-08,0.0,0.0
x1+x4,230.1776947326274,230.52552081958393,241.32766170375558,2.4614198628773383,6.428192294978466e-11,0.0,0.0
x1+x2+x4,232.07858040516328,232.60489619463695,246.0160391190735,2.454664997182887,2.4849449996628783e-11,0.0,0.0
x1,232.95665137386607,233.1635479255902,241.3191266022122,2.3953186845835197,1.6019394349294765e-11,0.0,0.0
x1+x2,234.95217091352077,235.2999970004773,246.10213788464895,2.3929458266410997,5.90642277762481e-12,0.0,0.0
x3,245.34031203744144,245.54720858916556,253.70278726578758,2.93502482009574,3.2776935504754256e-14,0.0,0.0
x3+x4,247.229252019499,247.57707810645553,258.3792189906272,2.9200178083650044,1.274647918579487e-14,0.0,0.0
x2+x4,250.32983155675396,250.6776576437105,261.47979852788217,2.8822717818947123,2.7046305499681322e-15,0.0,0.0
x2,250.47188676261433,250.67878331433846,258.8343619909605,2.8396787456572676,2.519190751573242e-15,0.0,0.0
x4,278.1050031656141,278.31189971733824,286.4674783939602,3.336566184912702,2.516552919662418e-21,0.0,0.0
