x1,x2,x3,x4,y,split
0.30471707975443135,-0.38021679994075225,0.7504511958064572,0.9405647163912139,2.2913994919525122,test
-1.9510351886538364,-2.34213585504046,0.12784040316728537,-0.3162425923435822,1.1622067326400045,train
-0.016801157504288795,-0.525267282547579,0.8793979748628286,0.7777919354289483,-2.914174968046666,train
0.06603069756121605,0.7291692822297925,0.4675093422520456,-0.8592924628832382,-0.5624799980622894,train
0.36875078408249884,-0.2803289332314003,0.8784503013072725,-0.049925910986252896,0.5740532324135534,train
-0.18486236354526056,-0.5564476174785733,1.2225413386740303,-0.15452948206880215,3.7188209983390914,train
-0.4283278221631072,-0.5539423880234235,0.5323091855533487,0.36544406436407834,1.9100545431823555,train
0.4127326115959884,0.5886786910815203,2.1416476008704612,-0.4064150163846156,2.147628302808739,test
-0.5122427290715373,-0.8980578202059565,0.6159794225754956,1.1289722927208916,-1.2287764302587791,test
-0.11394745765487507,-0.5952518523014169,-0.8244812156912396,0.6505927878247011,1.7697551576860562,train
0.7432541712034423,0.9204958979458708,-0.6655097072886943,0.23216132306671977,6.380400336785347,train
0.11668580914072822,0.22456180534999035,0.8714287779481898,0.22359554877468227,2.0427771132300645,test
0.6789135630718949,0.5836782921508509,0.28911939868998415,0.6312882258385404,5.021625665837067,train
-1.4571558198556664,-1.3575273856989138,-0.4703726542927955,-0.6388778482433419,0.4159053598709561,train
-0.27514225122668373,0.6768509857592905,-0.8658311156932432,0.9682783545914808,4.304749623995751,test
-1.6828697716158048,-1.5472268352841088,0.1627530651050056,0.5862223313592781,-0.29363097107889957,train
0.711226579792855,1.044989604954239,-0.3487250722484376,-0.46235179266456716,6.5010755461282175,test
0.8579758812571538,0.5715981100767542,-1.2756863233379219,-1.1332872140034806,8.243497811410133,test
-0.9194522860016113,-0.4372653823690307,0.14242573607056525,0.6904853540677682,-2.29228716489261,train
-0.42725264633653426,-0.24667830242319888,0.6255903939673367,-0.3093465397202384,-3.2874279943057845,train
0.45677523755741145,-0.03173537459406156,-0.3630538465650718,-0.3817378939983291,6.4616220402654445,train
-1.1958396455890397,-0.6644882279998827,-0.46940234020272387,0.01249411872768743,3.68787440564988,train
0.48074665890590895,0.6525160327426935,0.6653851089727862,-0.09848548450942361,0.9221696153259633,test
-0.42329831204415375,-0.38646957617916244,-1.6873344339580298,-1.4471124724230873,0.9647342137574793,test
-1.3226996123544024,-1.6565077864444109,0.3997742267234366,-0.9054790553600608,-0.046990922779557825,train
-0.3781625540393897,0.4770069354401274,-0.35626397106142593,0.7375155684670865,4.639747301214419,train
-0.933617680009877,-0.8701566787284797,-0.9500220549105812,-0.3390330759005625,6.152986767214747,train
0.8403081374573955,-0.3641457439494926,0.43442364354585733,0.2377356023322779,5.061575953798907,train
-0.5941499556967944,-1.3429546771905083,0.07212950771386951,-0.5294927090638024,0.960072433864217,train
0.23267621135470395,0.1992522563978289,1.6017788913209154,-0.23935562747302427,-0.7235771574416905,test
-1.023497492621865,-0.7112326131237023,0.21999668397176517,1.3591875752404365,0.6459125721399311,train
0.8351112459145785,0.8822116322213684,1.4633028912195618,-1.188763054322851,1.8767387472293013,train
-0.6397515327497477,-1.067746791043113,-0.38980980315576796,-1.3766861475563088,0.2750758277765244,test
0.6351509468144043,0.3747871391922595,-1.4708062945026579,-1.0155790812075416,10.574022637109369,train
0.3135138474501953,0.7536870186967849,1.9967308916917865,2.9138624660073296,4.202268161506973,train
0.4144094332759964,-0.2621953253983213,-2.132046280731309,0.2677114623438358,9.298985654759814,train
-0.812941095310326,-0.899567232356072,-0.6120967990598081,-0.14079088641638526,0.45056221235080507,train
1.0659802307876436,0.9470133250973217,-0.1586348370386883,-1.0356537528258116,7.079951365727878,train
-1.674682944704357,-1.6315311012074842,-0.05378255081832049,1.767929913579883,1.0105607558145704,train
0.13027452147288585,0.6938633237921432,-0.49929559853915206,-1.1849437664170246,4.894583689162605,test
-0.9651167622323719,-1.2072290485073496,2.1284697324351645,-0.8213866792243861,0.3763924109700634,test
0.838489203736345,0.12903505613686028,0.9315730128742441,0.38495096610586316,4.5503611738838785,test
-0.1566378976580904,-0.14976783380773276,-0.6547876954293904,0.44607220148208054,5.148934220436576,train
-0.45498348034078,-1.0993502425329729,-1.2779375743196193,0.17258791772211948,5.2807519675422885,test
1.579091256410435,1.3592679732724111,-0.11863832610988256,0.2858261396025429,7.017722817989905,test
1.3060017417068248,1.1764308941837736,-0.41092723083373717,1.1062887100598888,2.6611720702358888,train
0.4287564384616135,1.264458745966886,0.18323443722190613,-1.2244690317205003,3.7499033759114826,train
-1.368159199245665,-0.10397060005778247,1.723665720783297,-0.17951921328260065,-3.4342008973645264,test
-0.38318732113598775,0.5703167184365311,-1.107045682043488,-0.8947270189558264,1.3345119655132156,train
0.6433267946890444,0.2778983620354818,-0.005121866720071296,-0.16344289852451258,7.657969628059844,train
0.33757454879893356,1.1145487558273768,0.09058490690174555,0.6439387932768579,6.997262419016655,train
-2.0501721010310225,-1.6693687219828888,-0.8432302702928711,-1.218813060423628,2.8829424039684857,train
-0.8781523669287508,-0.9029959579634879,0.9159025423560131,-1.326392717739564,0.380268286320228,test
0.030631492594417446,-0.2659964659246131,-0.32767309436196085,1.0027578253046041,6.25402286863709,train
0.5381154370039261,1.232931214068787,-0.15450567924990047,-0.695942611670703,4.332095754086353,train
-0.22385881688049952,-0.03358897874166669,0.17657335845371103,-1.0843880722333665,2.6930168823539926,train
0.09048978162787422,0.20932882338564246,2.5174740375339204,1.8768446112816701,-2.782174233969098,train
-0.8532433505588201,-0.8550246973765617,-1.4634420018370031,-0.5907070139634865,4.282658910635545,test
0.3156050035903405,0.9759961754052124,-0.7290838377436085,-0.6541464400677965,4.845607620644928,train
-2.147289029738655,-1.8154307761178685,-1.062414411859563,-0.5294394273660737,-2.306260675356894,train
-0.8768607781675882,-0.7580461550856048,-1.7577283913566313,-1.4670452453909906,3.780476807066577,train
2.129247112028298,0.9309441408582201,-1.0967855784546396,1.836913528321314,8.744213464024938,test
2.905067169240407,1.6211137580971204,-0.36824895678803055,0.34155555094050954,12.957630106952141,test
1.7286976444055924,0.7908438684675314,-0.24527784594210975,0.777337576061744,8.613738714751168,test
0.43476607446661863,0.12211921683523541,-0.13382296451604114,-1.3748958083699818,4.093157473890231,test
-0.23817374397466523,-0.35037148918510524,0.23216988962625595,-0.555327218819016,2.6729722972134518,train
0.471538522545139,0.9848603087280083,0.15542932766846604,0.35175640839920347,3.798357809795975,train
0.053155347577867364,0.0425749139171424,-0.7215580335428474,0.316494261673308,3.782819775878911,train
-0.09728659841348947,1.1780717066275654,1.5733549024752425,0.3858465525565008,-1.7194599453164163,test
-0.7630572096947675,-1.2778926509458648,1.191142953088865,0.2627492251471385,-0.6149326042366914,test
0.4801434033916108,-0.662636869471227,0.9274384815581808,0.45442033821436295,1.0769325711409237,train
-1.110430684414478,-1.171259432001552,0.2637172043565196,0.05246679835624363,-2.1170682532100282,test
-0.292171185803555,-0.2958299094824205,-0.25197737820688537,0.15256251210246857,3.8160673247982877,train
1.471491972993157,-0.3628014861642528,-0.23685026450968424,0.17651242137244696,7.08078866261731,train
0.2959939896870995,0.013646442956905702,-1.7567217824785826,0.32799548371410964,2.6536556303559173,test
1.727350214164185,0.46156332838166547,0.8638280136981883,-0.3285252231228939,4.9135891327908325,test
-0.0613243458288473,-0.6807985830854473,-0.33445617235587666,1.3000445946989585,5.370438338675967,train
0.582655241987707,1.5055111568361321,1.1774118889776937,0.4390866789295762,4.517640128301515,test
1.743934526167792,1.6585435161772129,0.8279881767970589,-0.29657095353470836,7.297560472910474,train
0.06654581585920483,-0.3652176412928022,0.989583934594853,-1.1783036231148656,1.7265421436290496,train
0.7823503424176613,0.5114896394310335,1.1712470934673194,0.7508689887312598,1.1177393886960416,train
1.8206461576468016,1.8949817408006282,-1.5720402556532407,-0.06695317289820084,6.831955044057343,train
-1.172007192594816,-1.2485736594956176,1.5112284332767216,0.637533810897696,-0.921647225603999,train
-0.6989304285787463,-1.1673747627272364,0.03278209287626079,-1.2165601493811278,2.311526072258442,test
-0.6711402773965811,-0.3497065389865186,1.1553120361066962,0.6087614722244398,2.499413614256924,train
-2.2912895085981,-1.650411569460324,0.07203357323257792,0.41389028537269307,0.5093299236391002,train
1.6162096816512073,0.055024779238120214,-0.5911034251911056,0.5909063227933546,6.854617188026729,train
-1.5815943994539423,-0.37970609073104866,0.3683566127006584,0.846583985843404,-3.2041354756806113,train
-0.5709436615217945,0.03150328476229064,1.0684715559890383,0.23287802013716835,-0.3828078510489421,test
0.23440089269869593,0.3497266577279923,-0.8633452647393817,-0.14752868024035293,5.198282072127514,train
-0.1525225324523588,0.10801829265021001,0.9998242469102946,-1.0585360819784093,0.7910520739510322,test
-0.12500903031957764,0.7888661043397218,-0.7435882288125641,-0.8222500172903203,2.709576066424379,test
0.20230619183119358,0.6684760677561469,0.01142605556065933,1.3289605904369892,3.893242930261196,train
0.8567939825665268,1.1905272261872586,0.5541165013240933,2.327653100346085,2.874497730325693,train
-0.2051616888660442,-1.3662427263327437,1.604254361517141,-0.45769943095682564,-1.0728370874585478,train
0.10788044434303304,0.8720347663907426,-1.6022595410589253,-1.2516472141061394,6.242055868881334,train
-1.6012779371188537,-1.7575041237103373,0.43963660601699356,0.524187842812771,-1.6659959435216072,train
0.27627417932855375,-0.6266401868725768,-2.310103436632644,0.054353585390382264,7.505912291562778,train
-0.47177603363833576,-0.10178936388070159,0.7019536262212701,0.13824143205868192,1.5499255390956685,test
0.7601330853758538,0.7456332927697241,0.5300647056014667,-0.7046732628698824,1.446311110166358,test
-0.17961141383145854,-0.025623473070992497,0.8205284754174188,-0.3937411722245721,0.44750221148013014,test
0.5211672557321126,0.2574305294364627,-0.11754216732813036,0.829519042024073,7.094201642289345,test
-1.993060371054156,-2.3723316936881815,-1.4821853974428207,-2.3336161198483047,-1.0870016714126551,test
-0.6782644401551767,-0.09295121228749709,-0.28488406638257474,0.19779008194185213,-2.1625116786775536,train
1.0892174967107926,1.667985676729249,-0.06913793472613955,1.3535858895693973,1.5584515890257715,train
0.09212665843410921,-0.4287376075491899,-0.5944003521987352,-1.4805365125650163,4.1340737383196595,test
-0.8881338537336524,-0.9253170958315795,0.8035850193786016,1.7207698311659838,0.08018931953019073,train
-1.38218151537704,-0.8700487313456806,-1.0405439391575344,0.47469708846320197,1.5612311671319796,test
-0.1310866506877266,-1.2034128160586994,0.9282969915684843,-0.605000712808731,3.7737608691288234,test
-0.5339002383735546,-1.0689716374726577,-0.6542832766875555,0.4278904406949172,-2.4320444279216518,train
-0.18924434093640552,0.04580172862036419,0.3619218539288437,1.320661655528167,2.8704962860955705,test
-0.3427861508643793,-1.1603436107989424,1.067222416571983,-0.3314881720972547,3.8364704770204137,train
1.114592444577377,1.1217002235713838,-0.13113753020334493,0.3487758940462951,3.170329654676343,test
1.9510125601262995,2.8069983655332917,0.0693811351327787,0.1601905933170753,6.03834039397364,train
1.0762401574663856,0.3535955063127002,0.3330703726182551,-0.0258628479538564,3.1470909215481466,test
0.3139082114575536,-0.24889471440360061,-1.589567493308969,-2.0729834359912918,4.223475570723503,test
-1.1173841129896078,-1.1691124613552861,-0.2931915866487618,1.9372311624295169,0.552495143947847,train
1.1059933699072981,0.3075400261208623,0.34770845245095694,-0.4070782363503251,7.545394628507171,train
-0.28436383804009513,-0.11629568078284691,0.6191711169753933,-0.33925848388401536,5.177288999431761,test
1.0638515327343585,0.16591829050204443,0.006339062362268442,2.5976737265958323,4.4463160218450195,test
0.2230797426252751,1.0383924980639239,0.09152017817320818,0.5807770953297967,7.118999646119678,train
-0.056783194392691534,-0.14767110421267587,-0.7794823967254196,0.4303013589575532,4.126810160271996,train
-0.8515371891857679,-0.28187860956055694,1.08528700444591,0.36653140723722993,3.1763771683617614,train
-0.28624873355569186,0.04338036074066415,-0.3086730555464126,0.9355471254651493,2.7039148169012517,train
-1.8314060842151236,-1.6664892882432867,-1.9908119951239978,-1.495060830227205,2.585521476348038,train
1.3638622298139094,1.628200773034139,-0.7194802332847904,-1.502503456040897,7.537893754840673,train
-2.964528837841651,-2.6977203750329015,2.4204150122474024,0.4348842714636474,-0.20197283531933596,train
-0.5595722860494895,-0.16860970313940787,-1.5609583529944429,-0.29732336269763543,5.924864107082263,train
0.09947747301573849,0.027921587319961687,0.7908061216900806,0.34464522623605237,0.5982167035934285,train
0.668326018107997,0.12163744514794195,0.8978154084105481,1.6289369476239914,4.927924664151887,train
-0.9701495196514126,-1.308737009149866,1.3357843363202329,-0.19134398669506028,-1.6676406179518577,train
1.403821392066557,0.8575356865179353,1.4550455762707113,0.13148581680545218,2.645574053924628,test
0.2582288233226952,1.1454138716600988,-0.36177047744417123,-0.9411220959249583,5.87631608259587,train
-0.44856420802835434,-0.08745099603680029,-1.5657590721805144,0.6374709026511215,4.5136813677563685,train
-0.5387713176177432,0.2576705423459435,-2.3942603049004716,-0.7865657751041687,6.070999651138832,train
-1.686468151234102,-1.844912200805653,0.24766590110894313,-0.1792266254497549,-0.7164647104010338,train
-0.25337756894801494,-0.2982129779864484,0.20338824061994343,-1.0085360419431078,2.8613287543849246,test
0.7068496408990508,0.963079294950531,0.385037937656101,0.5565334427512632,4.686074170186249,train
0.2964180008086595,1.458178382285568,-0.0870941710525099,-0.30708321833457675,-0.15045660721474707,train
-0.7535275803573779,-1.2221796666326044,-1.2444717876010754,-0.8887973132309185,4.692797857905925,train
-0.07068038165207131,0.14403277177697163,0.051142058552161786,-0.765535277429713,0.8178873092070134,train
0.9001845640199633,1.1637952545965393,-0.159648307422017,-0.652916144664712,2.1552433180541297,test
0.5484279208297995,0.5515264891555023,-1.4481272594150476,-0.0679802559844049,6.152224243064805,test
0.26203581207438104,-0.3301882222331474,0.189843392837443,-1.4548224852577891,3.4072685415215065,test
1.3361861000121709,1.8177188710453955,-0.25251733430296475,0.36345433783907316,4.664135872334227,train
-2.409921965799875,-2.6217461687990995,-0.2937789201521298,-1.0721330214268592,0.28288816396439365,train
0.7143964826306588,1.7698951045533233,-1.176614719429302,-0.8374634040851927,3.5093647116634568,train
0.23544836830993032,1.1550283837477167,-1.2223743125399031,0.24903612230694197,4.490570707884597,test
1.8212988508131087,0.4659835917429268,-1.281069206845832,-0.42360660646083825,7.394453242028963,train
-0.520588412855411,0.07109004236785788,0.24165971982083806,-1.7749620596421283,1.503159053879242,train
0.5154104029008109,0.06580498990725842,1.274447216941239,-0.6275875364369197,2.6768785496842398,train
-0.6366152831022357,-0.1846132599990698,0.7629264823369366,0.4480993639362036,-1.4334061889569656,train
-1.6855973173848082,-1.025657189950896,-1.034308051674399,0.2352761115882635,2.6288327976544386,train
-1.4237344353990602,-0.87119425979341,-0.8065989043073726,-1.2826346502605217,1.488434222332338,train
0.7138201364823995,0.7160428221919704,-0.6139768013928971,1.4511788490210642,1.5647129684303245,train
-0.44065242156974244,-0.33325733287323317,0.2689134476786009,-0.6196659341286136,-2.2018578954514485,test
0.47113629339992935,0.056837626421108844,-0.4116383222162092,1.362642639803341,4.53509148426555,train
-1.040586052512433,-2.2801370405676407,1.6109369950118944,2.549327952607003,-1.939512233115416,train
-0.40526926544933184,-1.4863182367315768,-0.31048397619594376,-0.2862229498406692,2.448347206245985,train
-0.18992384102225704,-0.8199718979709145,0.5795611424764774,0.5245073752860862,1.6948456911803338,train
-1.4944056198193065,-0.7760064568385125,2.052684981945891,0.17196033243705985,-2.616719033537088,test
-0.33732516206850605,-0.3550620582993176,0.6152567669685612,-1.7306716055072182,3.2977637451067454,train
0.16439070297730224,-0.10276580729584425,1.8478250129560454,-0.17417273380495787,-1.6651659153145801,train
1.6678876111195198,0.6720656702264115,0.5872591668027922,0.3194002637912288,3.1109432862332618,train
-0.8690472478647824,-0.5888001295096617,1.2125188368316004,-0.3237917042866007,-2.7435204667517303,train
-1.6919626491697632,-1.3641078152222783,-0.9024230947925126,-0.3423409386638824,1.5475426781866561,train
-0.08158776968512098,-1.0886615453574071,-1.615658339320678,0.48206683552552526,7.7502067269036665,train
-0.5227186961696804,-1.9570215620280844,0.7848440366081351,0.27236975527423984,-0.08538232373058441,train
-0.713874824036484,-1.3611979858641319,0.8358078963143372,0.3493506225604296,-4.684861180863782,test
2.3826022826840734,2.158194985382221,0.3877031412620148,-0.16692793010856513,3.7756641282543733,test
0.816775867200791,1.028471814509525,1.251725008565195,-0.5213229186372847,1.0898907759617664,train
-0.4354074729439623,-0.6357878809023579,0.7908017211789892,1.498374440296732,-0.17247530264683797,test
-0.45884049314930064,-0.6219366311952952,0.3140772238697992,-0.24576150001290142,0.7944259233872472,train
0.95205365313989,-0.589423451859516,-0.8267050469168946,-0.7824163339614458,6.221327122616956,test
-2.320356012386145,-2.4344678765301984,-0.9151561158459262,-0.20110465451883033,-0.8914705126482948,test
1.1129658916602636,0.7433363226137895,-1.0308137202711538,-0.056954541213528984,8.870831584814074,train
1.0491736214413494,0.2537636074841366,-0.9105748839214486,0.5585489592742234,5.112174957402134,train
-0.22153611573080054,0.21126192184104417,-0.013646791795296761,0.701663648089567,0.8527620372802582,train
-1.0350781140406409,-0.8353132817054733,-0.21069001436315682,-1.2158909241041307,2.2036298705043764,train
-1.5634779478686884,-0.8393329371301539,-0.3509523822179781,-1.0222802816473295,-2.6718114622626485,train
